sample,leaf,trichome,trichome_to_leaf
Tile_1,263162,62357,0.23695290353470486
Tile_2,189592,53949,0.2845531457023503
Tile_3,255841,65309,0.25527182898753525
Tile_4,412467,96393,0.23369869589567166
Tile_5,256832,71953,0.28015589957637677
